program_id,cell_type,pathway,adt,gene,evidence_type,scope,group,n_cells,tested,pearson,spearman,adjusted_pearson,residual_spearman,log1p_adt_spearman
P01,CD14 monocytes,Inflammatory Response,CD155,PVR,direct molecular match,target,ALL,7244,True,0.04141007294120528,0.04327381437875788,-0.09847695510212173,-0.09901765501417355,0.1979038041830854
P01,CD14 monocytes,Inflammatory Response,CD155,PVR,direct molecular match,target_by_site,site1,734,True,-0.23190459578347342,-0.241834872240639,-0.24282746147645956,-0.2603010316170214,0.1651455312370792
P01,CD14 monocytes,Inflammatory Response,CD155,PVR,direct molecular match,target_by_site,site2,2958,True,-0.06646949438062864,-0.06688675377924042,-0.08379337605147408,-0.07917583447897454,0.12189982105322454
P01,CD14 monocytes,Inflammatory Response,CD155,PVR,direct molecular match,target_by_site,site3,2915,True,-0.024686850086826202,-0.030529649203613826,-0.06087683530942538,-0.06735434898945401,0.05988718106514873
P01,CD14 monocytes,Inflammatory Response,CD155,PVR,direct molecular match,target_by_site,site4,637,True,-0.13977560903845893,-0.14473657209970994,-0.14213066875924987,-0.14546996826948497,0.15676325865814614
P01,CD14 monocytes,Inflammatory Response,CD48,CD48,direct molecular match,target,ALL,7244,True,0.5562252024432691,0.5564840756062104,0.008057157392315016,0.009383333396950575,0.4147901586364742
P01,CD14 monocytes,Inflammatory Response,CD48,CD48,direct molecular match,target_by_site,site1,734,True,-0.19871262267515152,-0.21131446032212176,-0.07908721776426211,-0.060107776489528274,0.3722275042469414
P01,CD14 monocytes,Inflammatory Response,CD48,CD48,direct molecular match,target_by_site,site2,2958,True,0.1710605032223096,0.15985873058335326,0.02383182052457673,0.02815044082889757,0.3482980512774411
P01,CD14 monocytes,Inflammatory Response,CD48,CD48,direct molecular match,target_by_site,site3,2915,True,0.1499151752244617,0.13793629260406434,0.025212960519502593,0.019906899866007133,0.20813237313420851
P01,CD14 monocytes,Inflammatory Response,CD48,CD48,direct molecular match,target_by_site,site4,637,True,0.14328717755514747,0.13250900043352876,0.0021933148279208985,0.008908277334711018,0.35068323197006024
P01,CD14 monocytes,Inflammatory Response,CD40,CD40,direct molecular match,target,ALL,7244,True,-0.17513370265975287,-0.1871170853367136,0.008636714607593177,0.009795767762225406,0.06654752722641236
P01,CD14 monocytes,Inflammatory Response,CD40,CD40,direct molecular match,target_by_site,site1,734,True,0.12527676203314356,0.1219225008551733,0.09299998394584275,0.10924859380987306,0.3432641533987104
P01,CD14 monocytes,Inflammatory Response,CD40,CD40,direct molecular match,target_by_site,site2,2958,True,-0.01226682803436586,0.001954177068212768,0.012806065166567411,0.017947529181630163,0.18498457887305297
P01,CD14 monocytes,Inflammatory Response,CD40,CD40,direct molecular match,target_by_site,site3,2915,True,-0.08735402093219796,-0.08181228195976632,-0.04586481577943915,-0.03686420965226817,0.026038595649222198
P01,CD14 monocytes,Inflammatory Response,CD40,CD40,direct molecular match,target_by_site,site4,637,True,-0.03813385039094439,-0.05087370107353378,0.04276981771706355,0.03058731397796367,0.2420543771635789
P01,CD14 monocytes,Inflammatory Response,CD14,CD14,direct molecular match,target,ALL,7244,True,0.43547734212119205,0.40648607206389265,0.2793632229412163,0.2590945194770141,0.30495656688235195
P01,CD14 monocytes,Inflammatory Response,CD14,CD14,direct molecular match,target_by_site,site1,734,True,0.4596121538565087,0.4101373443571347,0.48845395319306034,0.47670726460696283,0.5070287942785653
P01,CD14 monocytes,Inflammatory Response,CD14,CD14,direct molecular match,target_by_site,site2,2958,True,0.26702652904008534,0.2552729400975008,0.22843535730300968,0.2227559130741558,0.35918939208964834
P01,CD14 monocytes,Inflammatory Response,CD14,CD14,direct molecular match,target_by_site,site3,2915,True,0.2428626083915054,0.2225580064288303,0.21309584495878026,0.20348029295408318,0.25495894712199874
P01,CD14 monocytes,Inflammatory Response,CD14,CD14,direct molecular match,target_by_site,site4,637,True,0.4506608696207696,0.4130693175214042,0.36400862086678687,0.3544933549580822,0.45532666602808664
P01,CD14 monocytes,Inflammatory Response,CD69,CD69,direct molecular match,target,ALL,7244,True,-0.056503111176743316,-0.04903162333614332,0.022750171457170704,0.012074897486751975,0.1678071537015434
P01,CD14 monocytes,Inflammatory Response,CD69,CD69,direct molecular match,target_by_site,site1,734,True,0.14480475570721393,0.13544347135793477,0.10939737870603672,0.07555447053640703,0.32893094882814555
P01,CD14 monocytes,Inflammatory Response,CD69,CD69,direct molecular match,target_by_site,site2,2958,True,-0.0523022654075697,-0.05161696018017836,0.021978038751011827,0.012184211096008963,0.16315685815632014
P01,CD14 monocytes,Inflammatory Response,CD69,CD69,direct molecular match,target_by_site,site3,2915,True,-0.04800040765891002,-0.04463046633109757,-0.004785529119973588,-0.008062082401100717,0.03527646505537939
P01,CD14 monocytes,Inflammatory Response,CD69,CD69,direct molecular match,target_by_site,site4,637,True,-0.03763648846043003,-0.045473115972233,-0.006146590252865408,-0.02187936610280694,0.16877889982209543
P01,CD14 monocytes,Inflammatory Response,CD62L,SELL,direct molecular match,target,ALL,7244,True,0.06860981575948995,0.07336648913891228,-0.15408194471197267,-0.15537770754993704,0.1761461791226354
P01,CD14 monocytes,Inflammatory Response,CD62L,SELL,direct molecular match,target_by_site,site1,734,True,-0.23812947495882833,-0.2637975580848337,-0.25567002066932704,-0.2620140941054,-0.008640604517107405
P01,CD14 monocytes,Inflammatory Response,CD62L,SELL,direct molecular match,target_by_site,site2,2958,True,-0.12806110280771474,-0.12418543284848668,-0.15225773279215002,-0.15288937484727824,0.011432750380839756
P01,CD14 monocytes,Inflammatory Response,CD62L,SELL,direct molecular match,target_by_site,site3,2915,True,-0.06247670421874332,-0.0755566162510733,-0.09892410803021544,-0.11080036036517361,-0.013429117000858012
P01,CD14 monocytes,Inflammatory Response,CD62L,SELL,direct molecular match,target_by_site,site4,637,True,-0.23536920688164398,-0.23986214547605011,-0.20258210540462218,-0.19806961325689834,-0.11128774204580719
P01,CD14 monocytes,Inflammatory Response,CD42b,GP1BA,direct molecular match,target,ALL,7244,True,-0.05341251626372271,-0.05340304134302114,0.022764573756110334,0.012265772551121068,0.16180855024436247
P01,CD14 monocytes,Inflammatory Response,CD42b,GP1BA,direct molecular match,target_by_site,site1,734,True,0.12343523111314891,0.13382271979015503,0.07391588990964776,0.07772219920602595,0.30720884691984524
P01,CD14 monocytes,Inflammatory Response,CD42b,GP1BA,direct molecular match,target_by_site,site2,2958,True,0.02600400309211028,0.02503944703193988,0.04706494748149069,0.038066587247318595,0.2030939697831344
P01,CD14 monocytes,Inflammatory Response,CD42b,GP1BA,direct molecular match,target_by_site,site3,2915,True,-0.06687502906094728,-0.07818356672583143,-0.02840673062895931,-0.04609885766522778,0.010267066484294452
P01,CD14 monocytes,Inflammatory Response,CD42b,GP1BA,direct molecular match,target_by_site,site4,637,True,0.004906522207162674,-0.017162361757584364,0.01548601053024627,0.017824215007968148,0.20556178573493764
P01,CD14 monocytes,Inflammatory Response,CD54,ICAM1,direct molecular match,target,ALL,7244,True,0.4929630249144377,0.4806508914166859,0.17055988049657914,0.16216513645378464,0.3887423457567284
P01,CD14 monocytes,Inflammatory Response,CD54,ICAM1,direct molecular match,target_by_site,site1,734,True,0.3448754034308022,0.32459944168886506,0.2845440233916466,0.26793276566567836,0.44556558619973896
P01,CD14 monocytes,Inflammatory Response,CD54,ICAM1,direct molecular match,target_by_site,site2,2958,True,0.2380924107641224,0.24145459073795109,0.11131937741522764,0.10089968686648813,0.34104893081946214
P01,CD14 monocytes,Inflammatory Response,CD54,ICAM1,direct molecular match,target_by_site,site3,2915,True,0.2566326961056261,0.2544493921767519,0.18026018723309578,0.1802866836063045,0.278809289582051
P01,CD14 monocytes,Inflammatory Response,CD54,ICAM1,direct molecular match,target_by_site,site4,637,True,0.3908186415259485,0.3569320353408094,0.26469868512223854,0.2608095965750023,0.4173499463510794
P01,CD14 monocytes,Inflammatory Response,CD122,IL2RB,direct molecular match,target,ALL,7244,True,-0.3161566413375102,-0.3124625931959436,-0.00045802312563643523,-1.020044639532005e-05,0.002043627548676021
P01,CD14 monocytes,Inflammatory Response,CD122,IL2RB,direct molecular match,target_by_site,site1,734,True,0.04651086453752533,0.029478211914405444,0.03755413555807101,0.026998531810284068,0.33523012965513566
P01,CD14 monocytes,Inflammatory Response,CD122,IL2RB,direct molecular match,target_by_site,site2,2958,True,-0.06996301334895981,-0.0504369298409318,-0.00038115738013712064,0.004891089766402642,0.14911977559205725
P01,CD14 monocytes,Inflammatory Response,CD122,IL2RB,direct molecular match,target_by_site,site3,2915,True,-0.08066172447261111,-0.08443374728121683,-0.032846851775358225,-0.032154177010858195,0.0154769341641599
P01,CD14 monocytes,Inflammatory Response,CD122,IL2RB,direct molecular match,target_by_site,site4,637,True,-0.053942795020878384,-0.0634911607585648,0.057382824155359065,0.052068342476372965,0.2051351364870553
P01,CD14 monocytes,Inflammatory Response,CD137,TNFRSF9,direct molecular match,target,ALL,7244,True,-0.38714197316015364,-0.43408796128561256,-0.004270868101212482,-0.009925451702080293,-0.04691588492317976
P01,CD14 monocytes,Inflammatory Response,CD137,TNFRSF9,direct molecular match,target_by_site,site1,734,True,0.09023842516417978,0.06225957378724898,0.042939578261681585,0.03663956082821589,0.40405894908601625
P01,CD14 monocytes,Inflammatory Response,CD137,TNFRSF9,direct molecular match,target_by_site,site2,2958,True,0.017381438496742153,0.02591257273854798,0.03039459877840591,0.036176778888675085,0.21483596678065323
P01,CD14 monocytes,Inflammatory Response,CD137,TNFRSF9,direct molecular match,target_by_site,site3,2915,True,-0.15314622804533337,-0.151525064226848,-0.10498903184393632,-0.10235416171812287,0.005068882308882897
P01,CD14 monocytes,Inflammatory Response,CD137,TNFRSF9,direct molecular match,target_by_site,site4,637,True,-0.0896199614639267,-0.10340913849604248,0.04941882282511368,0.06118618810318783,0.2676844033369233
P01,CD14 monocytes,Inflammatory Response,CD124,IL4R,direct molecular match,target,ALL,7244,True,-0.3792190724647848,-0.445858937260109,-0.044701491288815676,-0.049550536317850266,-0.024274400407016488
P01,CD14 monocytes,Inflammatory Response,CD124,IL4R,direct molecular match,target_by_site,site1,734,True,0.08678650184987644,0.08055943998648413,0.021981198282934593,0.025721260620630116,0.4120137976493173
P01,CD14 monocytes,Inflammatory Response,CD124,IL4R,direct molecular match,target_by_site,site2,2958,True,-0.03122564227389632,-0.0400933975201761,-0.04275821555865333,-0.0461231930640396,0.1706554359773474
P01,CD14 monocytes,Inflammatory Response,CD124,IL4R,direct molecular match,target_by_site,site3,2915,True,-0.14044290630181452,-0.13859819005540738,-0.09078189163825111,-0.09167424121185978,0.025220540986417787
P01,CD14 monocytes,Inflammatory Response,CD124,IL4R,direct molecular match,target_by_site,site4,637,True,-0.16138559015287388,-0.15949326256975668,-0.01543663001692343,-0.03506810133820079,0.23502552119469508
P01,CD14 monocytes,Inflammatory Response,CD127,IL7R,direct molecular match,target,ALL,7244,True,-0.27411686081667624,-0.2778344161404378,-0.015510312377651932,-0.011610651519670324,0.03652612278034229
P01,CD14 monocytes,Inflammatory Response,CD127,IL7R,direct molecular match,target_by_site,site1,734,True,-0.06995724851565545,-0.0768205442475268,0.0008971955808392126,0.002602078558505194,0.3030480681016685
P01,CD14 monocytes,Inflammatory Response,CD127,IL7R,direct molecular match,target_by_site,site2,2958,True,-0.1344856710090728,-0.12264804435123734,-0.016692274475654093,-0.015105105742256746,0.0977088885402606
P01,CD14 monocytes,Inflammatory Response,CD127,IL7R,direct molecular match,target_by_site,site3,2915,True,-0.07338704188528206,-0.07237672240269405,-0.030592532460459156,-0.022523828139168815,0.02730429216626395
P01,CD14 monocytes,Inflammatory Response,CD127,IL7R,direct molecular match,target_by_site,site4,637,True,-0.0670030524542289,-0.06912810212373369,0.02395105300503445,0.031543602786283334,0.19960217173188471
P01,CD14 monocytes,Inflammatory Response,CD82,CD82,direct molecular match,target,ALL,7244,True,0.2639128164288663,0.2557023823318594,0.05216917868828449,0.056717748258808806,0.2587799727211624
P01,CD14 monocytes,Inflammatory Response,CD82,CD82,direct molecular match,target_by_site,site1,734,True,-0.1552058281716969,-0.15719464927426155,0.046924658301894906,0.05798762951731206,0.19343269035943314
P01,CD14 monocytes,Inflammatory Response,CD82,CD82,direct molecular match,target_by_site,site2,2958,True,-0.06490113578434106,-0.07694213039593338,0.022875100490197496,0.017305542740520277,0.12375946791397666
P01,CD14 monocytes,Inflammatory Response,CD82,CD82,direct molecular match,target_by_site,site3,2915,True,0.03027029576939866,0.02583060527862532,0.08515269946181503,0.08724635532225293,0.11448605670643679
P01,CD14 monocytes,Inflammatory Response,CD82,CD82,direct molecular match,target_by_site,site4,637,True,-0.001003342920019341,0.004186212523418584,0.09182741347831543,0.12405254379415546,0.17870756490112408
P01,CD14 monocytes,Inflammatory Response,CD88,C5AR1,direct molecular match,target,ALL,7244,True,0.2207492597697521,0.18422377914800725,0.23593836038367966,0.22653881962603464,0.17995050550800035
P01,CD14 monocytes,Inflammatory Response,CD88,C5AR1,direct molecular match,target_by_site,site1,734,True,0.23368111311253661,0.23342162095033064,0.39159715484868335,0.3815023571981997,0.35951944855337625
P01,CD14 monocytes,Inflammatory Response,CD88,C5AR1,direct molecular match,target_by_site,site2,2958,True,0.14026381261091572,0.14381760528375984,0.2001647412065832,0.1977679319392491,0.26874399960599216
P01,CD14 monocytes,Inflammatory Response,CD88,C5AR1,direct molecular match,target_by_site,site3,2915,True,0.12981306048550562,0.13953288595275737,0.1531485969692942,0.16247324855317213,0.20436109954955958
P01,CD14 monocytes,Inflammatory Response,CD88,C5AR1,direct molecular match,target_by_site,site4,637,True,0.39045331585884074,0.3887569350437647,0.37512255405005035,0.3847741625416131,0.4433006512466144
P01,CD14 monocytes,Inflammatory Response,CD86,,phenotypic context,target,ALL,7244,True,0.3693824140303951,0.3645331261719068,0.0013402613530706375,0.0041203747447848904,0.2728714337160976
P01,CD14 monocytes,Inflammatory Response,CD86,,phenotypic context,target_by_site,site1,734,True,-0.15889698423636117,-0.1696971954488774,-0.15024389061884494,-0.14814132097928778,0.24063580737152024
P01,CD14 monocytes,Inflammatory Response,CD86,,phenotypic context,target_by_site,site2,2958,True,0.05416173338262493,0.06440626097755756,0.02601890008475854,0.036336218037682236,0.23280486436230954
P01,CD14 monocytes,Inflammatory Response,CD86,,phenotypic context,target_by_site,site3,2915,True,0.07011979741278379,0.06084184226097263,0.026325902341827096,0.018613240362649348,0.13352226819827176
P01,CD14 monocytes,Inflammatory Response,CD86,,phenotypic context,target_by_site,site4,637,True,0.04824670671992852,0.014383887327469447,-0.0402831638603289,-0.04590153781528444,0.2420354352831277
P01,CD14 monocytes,Inflammatory Response,HLA-DR,,phenotypic context,target,ALL,7244,True,0.27909618962729976,0.2676718438589179,-0.07872072046584977,-0.0682927666079882,0.2164211719182288
P01,CD14 monocytes,Inflammatory Response,HLA-DR,,phenotypic context,target_by_site,site1,734,True,-0.14489371115516894,-0.09734858729318331,-0.2478961041668157,-0.2224242707926594,0.13478274141471916
P01,CD14 monocytes,Inflammatory Response,HLA-DR,,phenotypic context,target_by_site,site2,2958,True,0.06477424101497951,0.0696334885068515,-0.048692921056390115,-0.04276899360695035,0.2100284033314384
P01,CD14 monocytes,Inflammatory Response,HLA-DR,,phenotypic context,target_by_site,site3,2915,True,0.05868266805894981,0.05070702255089346,-0.037636881206394086,-0.03834098762205538,0.12255031021250683
P01,CD14 monocytes,Inflammatory Response,HLA-DR,,phenotypic context,target_by_site,site4,637,True,0.04423829053419328,0.04160678061598222,-0.09918641448314437,-0.11745035334588269,0.1934200696788304
P02,CD14 monocytes,TNF-alpha Signaling via NF-kB,CD44,CD44,direct molecular match,target,ALL,7244,True,0.6226961747049883,0.5398752791270558,0.11002737426364308,0.11362492905444031,0.36354996559488384
P02,CD14 monocytes,TNF-alpha Signaling via NF-kB,CD44,CD44,direct molecular match,target_by_site,site1,734,True,-0.06480077327641377,-0.06530598589436333,0.07055493789907627,0.0632765718782913,0.26690810658325437
P02,CD14 monocytes,TNF-alpha Signaling via NF-kB,CD44,CD44,direct molecular match,target_by_site,site2,2958,True,0.11816935714516401,0.10496584950792753,0.06437041692596711,0.056090111532824484,0.28067631925496345
P02,CD14 monocytes,TNF-alpha Signaling via NF-kB,CD44,CD44,direct molecular match,target_by_site,site3,2915,True,0.2919421576621334,0.2792304006284372,0.2027120343826284,0.20432544161624766,0.31751477064054373
P02,CD14 monocytes,TNF-alpha Signaling via NF-kB,CD44,CD44,direct molecular match,target_by_site,site4,637,True,0.24818978294688407,0.25856117114598387,0.1460949717659636,0.18848880462413317,0.37975214041901395
P02,CD14 monocytes,TNF-alpha Signaling via NF-kB,CD69,CD69,direct molecular match,target,ALL,7244,True,-0.12412824031296593,-0.08735093113933808,0.007561390065615076,0.004172062000565686,0.1878665006908212
P02,CD14 monocytes,TNF-alpha Signaling via NF-kB,CD69,CD69,direct molecular match,target_by_site,site1,734,True,0.06077759591661528,0.05418045647021945,0.043106073824311295,0.0338268998786864,0.1872452143296839
P02,CD14 monocytes,TNF-alpha Signaling via NF-kB,CD69,CD69,direct molecular match,target_by_site,site2,2958,True,-0.04848215524096268,-0.04543481463904427,0.025820824177256764,0.021319387071226843,0.15775643692840924
P02,CD14 monocytes,TNF-alpha Signaling via NF-kB,CD69,CD69,direct molecular match,target_by_site,site3,2915,True,-0.06115755601196546,-0.05527431863575314,-0.016122336671303607,-0.013193608039713516,0.039740964458464895
P02,CD14 monocytes,TNF-alpha Signaling via NF-kB,CD69,CD69,direct molecular match,target_by_site,site4,637,True,-0.04614089639257356,-0.06952913245319603,-0.018731404313445606,-0.04343147325766528,0.12778946696307655
P02,CD14 monocytes,TNF-alpha Signaling via NF-kB,CD54,ICAM1,direct molecular match,target,ALL,7244,True,0.5010202257316602,0.47549087230175,0.15267407466174623,0.1436553206611193,0.4237797645556805
P02,CD14 monocytes,TNF-alpha Signaling via NF-kB,CD54,ICAM1,direct molecular match,target_by_site,site1,734,True,0.2284082425232332,0.19700827043033445,0.1893626776994551,0.1791908668631182,0.27776801903781617
P02,CD14 monocytes,TNF-alpha Signaling via NF-kB,CD54,ICAM1,direct molecular match,target_by_site,site2,2958,True,0.2071455661927684,0.20729553488672078,0.08030181857575246,0.06338992884211553,0.3055445457513156
P02,CD14 monocytes,TNF-alpha Signaling via NF-kB,CD54,ICAM1,direct molecular match,target_by_site,site3,2915,True,0.26910061332525215,0.2663198482035903,0.18706425915155403,0.17874790819182745,0.30119487861854727
P02,CD14 monocytes,TNF-alpha Signaling via NF-kB,CD54,ICAM1,direct molecular match,target_by_site,site4,637,True,0.38797363908997523,0.37695096055538474,0.27542004192224245,0.29128957296073205,0.41759299910506265
P02,CD14 monocytes,TNF-alpha Signaling via NF-kB,CD137,TNFRSF9,direct molecular match,target,ALL,7244,True,-0.3752157737005171,-0.4254423151549116,-0.024583996236307054,-0.03768319744502712,-0.009435509153070745
P02,CD14 monocytes,TNF-alpha Signaling via NF-kB,CD137,TNFRSF9,direct molecular match,target_by_site,site1,734,True,0.05854695241405194,0.03545997170740079,0.025558167609011365,0.016234872119257095,0.25974373927498295
P02,CD14 monocytes,TNF-alpha Signaling via NF-kB,CD137,TNFRSF9,direct molecular match,target_by_site,site2,2958,True,-0.038822795233088625,-0.04302029545855501,-0.03631893707095298,-0.050897484998677425,0.14411758375308964
P02,CD14 monocytes,TNF-alpha Signaling via NF-kB,CD137,TNFRSF9,direct molecular match,target_by_site,site3,2915,True,-0.10831209035345765,-0.11704588711534146,-0.0522114769759361,-0.05788713473957414,0.05255679850706996
P02,CD14 monocytes,TNF-alpha Signaling via NF-kB,CD137,TNFRSF9,direct molecular match,target_by_site,site4,637,True,-0.07265597084351993,-0.08569885361408738,0.05569747252461051,0.058529443416514705,0.2500739877763894
P02,CD14 monocytes,TNF-alpha Signaling via NF-kB,CD83,CD83,direct molecular match,target,ALL,7244,True,-0.38131577220647084,-0.42726511210530793,-0.022475112937551178,-0.030440617448895493,0.052191978877770745
P02,CD14 monocytes,TNF-alpha Signaling via NF-kB,CD83,CD83,direct molecular match,target_by_site,site1,734,True,0.23149365035396688,0.2237529472089716,0.17472831658841384,0.17830344393018147,0.30226604169038995
P02,CD14 monocytes,TNF-alpha Signaling via NF-kB,CD83,CD83,direct molecular match,target_by_site,site2,2958,True,0.0030071466330373123,0.004200974986060469,-0.03998201652967598,-0.028957390764530702,0.21987499072388378
P02,CD14 monocytes,TNF-alpha Signaling via NF-kB,CD83,CD83,direct molecular match,target_by_site,site3,2915,True,-0.1634093545127883,-0.1546195966486072,-0.09499747042325013,-0.09291095579338991,0.05004404661488357
P02,CD14 monocytes,TNF-alpha Signaling via NF-kB,CD83,CD83,direct molecular match,target_by_site,site4,637,True,-0.1677838137910129,-0.1590716653919554,-0.007786199940073794,-0.024020453939591405,0.25714571440580236
P02,CD14 monocytes,TNF-alpha Signaling via NF-kB,CD127,IL7R,direct molecular match,target,ALL,7244,True,-0.283577515174949,-0.28609717099376003,-0.025953463741622353,-0.024165235725729702,0.0762208681057942
P02,CD14 monocytes,TNF-alpha Signaling via NF-kB,CD127,IL7R,direct molecular match,target_by_site,site1,734,True,-0.05504356565296866,-0.051432704481623896,-0.009527637087049446,-0.0025070668910511895,0.19282339262913048
P02,CD14 monocytes,TNF-alpha Signaling via NF-kB,CD127,IL7R,direct molecular match,target_by_site,site2,2958,True,-0.12011420662964285,-0.10965837231964769,-0.005055876202069957,-0.0022707802538940937,0.10007183021732073
P02,CD14 monocytes,TNF-alpha Signaling via NF-kB,CD127,IL7R,direct molecular match,target_by_site,site3,2915,True,-0.11754184458818072,-0.12338116554643724,-0.07634287511422735,-0.07295790738794873,-0.010267725577743893
P02,CD14 monocytes,TNF-alpha Signaling via NF-kB,CD127,IL7R,direct molecular match,target_by_site,site4,637,True,-0.06779752421185566,-0.06715247759954518,0.01529132360289326,0.028555095801122383,0.1651856632251441
P02,CD14 monocytes,TNF-alpha Signaling via NF-kB,CD86,,phenotypic context,target,ALL,7244,True,0.4190229696448372,0.36937380603537306,-0.01768183429351221,-0.01275205971154128,0.3131788797783171
P02,CD14 monocytes,TNF-alpha Signaling via NF-kB,CD86,,phenotypic context,target_by_site,site1,734,True,-0.1512920528984787,-0.1497227751630519,-0.15655540443177784,-0.15234635348725215,0.10975058731400975
P02,CD14 monocytes,TNF-alpha Signaling via NF-kB,CD86,,phenotypic context,target_by_site,site2,2958,True,0.05183220793793965,0.049869589988470325,0.020599268210950688,0.0185887580247062,0.21185096891602703
P02,CD14 monocytes,TNF-alpha Signaling via NF-kB,CD86,,phenotypic context,target_by_site,site3,2915,True,0.0505715451393049,0.04596919643129008,0.0027531365116401844,-0.0020085137311453127,0.13174430666474596
P02,CD14 monocytes,TNF-alpha Signaling via NF-kB,CD86,,phenotypic context,target_by_site,site4,637,True,0.019270900205708805,0.009827053697301863,-0.06547663206819768,-0.056367370894743335,0.22004229351369511
P02,CD14 monocytes,TNF-alpha Signaling via NF-kB,HLA-DR,,phenotypic context,target,ALL,7244,True,0.3531142383036315,0.3066988435037799,-0.049705442557875686,-0.031117512009314483,0.277526277701168
P02,CD14 monocytes,TNF-alpha Signaling via NF-kB,HLA-DR,,phenotypic context,target_by_site,site1,734,True,-0.06792024936525817,-0.024508139755153025,-0.14373239546623318,-0.1179151387406281,0.09840430099829284
P02,CD14 monocytes,TNF-alpha Signaling via NF-kB,HLA-DR,,phenotypic context,target_by_site,site2,2958,True,0.08706622935553746,0.09380614718146459,-0.027332193572547677,-0.0156306877554768,0.21507431033561877
P02,CD14 monocytes,TNF-alpha Signaling via NF-kB,HLA-DR,,phenotypic context,target_by_site,site3,2915,True,0.08377373546111924,0.07394286932322787,-0.013321183359496922,-0.014939055814235134,0.15206639338118516
P02,CD14 monocytes,TNF-alpha Signaling via NF-kB,HLA-DR,,phenotypic context,target_by_site,site4,637,True,0.04363360981502682,0.03504874157351154,-0.08876350813812815,-0.10200646086880867,0.1801617896995493
P03,CD16 monocytes,Interferon Alpha Response,CD47,CD47,direct molecular match,target,ALL,865,True,0.3866227484944691,0.4135692788731809,-0.07651479165305747,-0.05914607872366619,0.24608446357660693
P03,CD16 monocytes,Interferon Alpha Response,CD47,CD47,direct molecular match,target_by_site,site1,45,False,,,,,
P03,CD16 monocytes,Interferon Alpha Response,CD47,CD47,direct molecular match,target_by_site,site2,271,True,-0.03173652777790351,0.015878614668499626,-0.11852445496688123,-0.10215071268359742,0.0954977504796424
P03,CD16 monocytes,Interferon Alpha Response,CD47,CD47,direct molecular match,target_by_site,site3,468,True,0.049991190854986205,0.046805879302922994,-0.005815517016805474,-0.019262114726974578,0.10769263295980831
P03,CD16 monocytes,Interferon Alpha Response,CD47,CD47,direct molecular match,target_by_site,site4,81,True,-0.20697565737640974,-0.021386630532971993,-0.2859909584202895,-0.12522583559168923,0.05625913996023909
P03,CD16 monocytes,Interferon Alpha Response,CD62L,SELL,direct molecular match,target,ALL,865,True,-0.08120352984386625,-0.06006790090494986,-0.03545445252654934,-0.029573679026848872,0.04531269547592176
P03,CD16 monocytes,Interferon Alpha Response,CD62L,SELL,direct molecular match,target_by_site,site1,45,False,,,,,
P03,CD16 monocytes,Interferon Alpha Response,CD62L,SELL,direct molecular match,target_by_site,site2,271,True,-0.13041722991936047,-0.09760810843402554,-0.024769425677746072,-0.009253430769601815,0.011613312923780096
P03,CD16 monocytes,Interferon Alpha Response,CD62L,SELL,direct molecular match,target_by_site,site3,468,True,-0.0155255653227843,-0.05002788022379572,-0.01450247426445338,-0.048578202242429286,-9.93725736874591e-05
P03,CD16 monocytes,Interferon Alpha Response,CD62L,SELL,direct molecular match,target_by_site,site4,81,True,-0.046157605246507805,-0.02612917795844625,-0.12381455294966404,-0.046544715447154474,0.06840364990762392
P03,CD16 monocytes,Interferon Alpha Response,CD124,IL4R,direct molecular match,target,ALL,865,True,-0.28277080284461026,-0.34161443662755253,-0.021139682956022827,-0.007988637324398046,-0.015663858657888864
P03,CD16 monocytes,Interferon Alpha Response,CD124,IL4R,direct molecular match,target_by_site,site1,45,False,,,,,
P03,CD16 monocytes,Interferon Alpha Response,CD124,IL4R,direct molecular match,target_by_site,site2,271,True,-0.046214165662508605,-0.06382919711550057,-0.042080895246928096,-0.039792706750596915,-0.004209913594088316
P03,CD16 monocytes,Interferon Alpha Response,CD124,IL4R,direct molecular match,target_by_site,site3,468,True,-0.044602711098216875,-0.0279017646782676,-0.003436320264471923,0.024779039129130213,0.0642297072929894
P03,CD16 monocytes,Interferon Alpha Response,CD124,IL4R,direct molecular match,target_by_site,site4,81,True,0.02288927737730739,-0.002484191508581752,0.06832656879041427,0.06985094850948509,0.09060091005632503
P03,CD16 monocytes,Interferon Alpha Response,CD86,,phenotypic context,target,ALL,865,True,0.2757991446434567,0.2755191298775848,-0.013649473632080977,0.00203784295315353,0.1815938655901638
P03,CD16 monocytes,Interferon Alpha Response,CD86,,phenotypic context,target_by_site,site1,45,False,,,,,
P03,CD16 monocytes,Interferon Alpha Response,CD86,,phenotypic context,target_by_site,site2,271,True,0.04688364875187845,0.07418903600800714,-0.007237802916936,0.01004751223982828,0.12186130592964894
P03,CD16 monocytes,Interferon Alpha Response,CD86,,phenotypic context,target_by_site,site3,468,True,-0.029185694702581175,-0.02242405873074798,-0.04058119743194994,-0.04307298484165753,0.027156039373774737
P03,CD16 monocytes,Interferon Alpha Response,CD86,,phenotypic context,target_by_site,site4,81,True,-0.058902003279036365,-0.042908762420957536,0.03727939565364327,0.09620596205962059,0.06054822199245347
P03,CD16 monocytes,Interferon Alpha Response,HLA-DR,,phenotypic context,target,ALL,865,True,0.2592314947988033,0.24155766403977566,0.009508600963999627,-0.029064857953576266,0.18767876044731577
P03,CD16 monocytes,Interferon Alpha Response,HLA-DR,,phenotypic context,target_by_site,site1,45,False,,,,,
P03,CD16 monocytes,Interferon Alpha Response,HLA-DR,,phenotypic context,target_by_site,site2,271,True,0.11600937485604232,0.043933748161011026,0.09057888454349022,0.023820635265176183,0.08535226384865964
P03,CD16 monocytes,Interferon Alpha Response,HLA-DR,,phenotypic context,target_by_site,site3,468,True,0.005152616118966504,0.01570330337628749,-0.06939613450926808,-0.08882617058014161,0.06025846871868181
P03,CD16 monocytes,Interferon Alpha Response,HLA-DR,,phenotypic context,target_by_site,site4,81,True,0.0048026102956773165,0.03536585365853659,0.07984686810710354,0.08995031616982836,0.1183511464343171
P04,Lymphoid progenitors,E2F Targets,CD71,TFRC,direct molecular match,target,ALL,449,True,0.3075413412785279,0.32595092268533243,-0.14804846477893957,-0.12952367695407782,0.2904766565494474
P04,Lymphoid progenitors,E2F Targets,CD71,TFRC,direct molecular match,target_by_site,site1,67,True,0.563029615582929,0.5955383510256207,0.14755518005623675,0.18157873732939583,0.6388312493614794
P04,Lymphoid progenitors,E2F Targets,CD71,TFRC,direct molecular match,target_by_site,site2,90,True,0.21262946930163265,0.25720870889410213,-0.20546441078972008,-0.28014158126517674,0.24036930276478977
P04,Lymphoid progenitors,E2F Targets,CD71,TFRC,direct molecular match,target_by_site,site3,144,True,0.4013891498142324,0.4176272003858211,-0.0006714350923344437,-0.01128124748814404,0.40019709330106845
P04,Lymphoid progenitors,E2F Targets,CD71,TFRC,direct molecular match,target_by_site,site4,148,True,0.24137449655698212,0.30280191162262116,-0.22886930236451228,-0.2106042489551598,0.30341315757765014
