program_id,cell_type,pathway,adt,gene,scope,group,n_cells,tested,pearson,spearman,adjusted_pearson,residual_spearman,rna_mean,adt_mean
P01,CD14 monocytes,Inflammatory Response,CD155,PVR,target,ALL,7244,True,-0.006692840041389593,0.002191397216079409,-0.010440174897533058,-0.007788590451956932,0.057076815861022374,-0.44271662516211663
P01,CD14 monocytes,Inflammatory Response,CD155,PVR,target_by_site,site1,734,True,-0.049305247768729986,-0.04793813468675799,-0.03678148595713347,0.022469834516288277,0.0828767081676721,-0.20887742415958485
P01,CD14 monocytes,Inflammatory Response,CD155,PVR,target_by_site,site2,2958,True,-0.014935822292950759,-0.01283061907213108,-0.012452167558309803,-0.011821890068144296,0.06064485988268309,-0.3266562247239972
P01,CD14 monocytes,Inflammatory Response,CD155,PVR,target_by_site,site3,2915,True,-0.009166391154821658,-0.006166154379361257,-0.007341696547576715,0.01132705620259655,0.043330589364499794,-0.5622697265451495
P01,CD14 monocytes,Inflammatory Response,CD155,PVR,target_by_site,site4,637,True,0.012041714614032353,0.02427762142622972,0.01912535313299535,0.028274448852569495,0.07368412366041006,-0.7040154438438664
P01,CD14 monocytes,Inflammatory Response,CD48,CD48,target,ALL,7244,True,0.1816839750493456,0.1891985512909425,-0.006692510577995003,-0.023371406023907488,0.9111817073207841,1.6630898020568123
P01,CD14 monocytes,Inflammatory Response,CD48,CD48,target_by_site,site1,734,True,-0.1729276898892083,-0.16908569851196423,-0.07858661786441913,-0.06653060769307743,1.1564218754459843,2.65097473516025
P01,CD14 monocytes,Inflammatory Response,CD48,CD48,target_by_site,site2,2958,True,0.07615775550146547,0.06618731037773659,0.004754483189969062,0.01157594472209963,0.985617273443057,1.8368657081679358
P01,CD14 monocytes,Inflammatory Response,CD48,CD48,target_by_site,site3,2915,True,0.047954904612497955,0.04297510715412502,0.007632210865258809,0.009316545733695416,0.6688912724174289,1.1870671970244717
P01,CD14 monocytes,Inflammatory Response,CD48,CD48,target_by_site,site4,637,True,0.00730406713702613,-0.009239065000200237,-0.08132207090302329,-0.0856235501648644,1.3916996504129338,1.8961655045601808
P01,CD14 monocytes,Inflammatory Response,CD40,CD40,target,ALL,7244,True,-0.004848846311314352,-0.02285458433519105,0.011360018092547974,0.03110588324142652,0.04681996724444363,-0.42509133801215176
P01,CD14 monocytes,Inflammatory Response,CD40,CD40,target_by_site,site1,734,True,0.05067148021968539,0.048025932342801086,0.03119358232649926,0.034005300898476275,0.06994007994261003,-0.6287751875083323
P01,CD14 monocytes,Inflammatory Response,CD40,CD40,target_by_site,site2,2958,True,0.03341814845992531,0.026641441763415475,0.035430326580923974,0.007434767356859519,0.044441528072753665,-0.47411422397708447
P01,CD14 monocytes,Inflammatory Response,CD40,CD40,target_by_site,site3,2915,True,-0.041539338797957695,-0.04334869053230551,-0.03315100739696311,0.03226012521106543,0.03584363673593849,-0.28181956203820163
P01,CD14 monocytes,Inflammatory Response,CD40,CD40,target_by_site,site4,637,True,0.041505219110870836,0.03792275188846923,0.061542051601887464,0.052653267357236126,0.08145303440566383,-0.618377970272116
P01,CD14 monocytes,Inflammatory Response,CD14,CD14,target,ALL,7244,True,0.20871011571287182,0.16171411946870612,0.16845356603121442,0.14504298919795036,1.852679547027992,0.500845359500652
P01,CD14 monocytes,Inflammatory Response,CD14,CD14,target_by_site,site1,734,True,0.45458135872618727,0.3386169967704357,0.3991955740622272,0.32867854049515766,1.9960446671805765,1.2021629653039971
P01,CD14 monocytes,Inflammatory Response,CD14,CD14,target_by_site,site2,2958,True,0.17319639818457983,0.12781598965345842,0.11848827222497592,0.0960450598669,1.9004029242542322,0.44073215645441177
P01,CD14 monocytes,Inflammatory Response,CD14,CD14,target_by_site,site3,2915,True,0.171385316070173,0.15641846581897406,0.1638482841903567,0.14699491987538746,1.7327824717574947,0.3552781605187428
P01,CD14 monocytes,Inflammatory Response,CD14,CD14,target_by_site,site4,637,True,0.300805756550245,0.2683725847346444,0.3225521041887335,0.30384328934380056,2.0145386151383256,0.6380135180303047
P01,CD14 monocytes,Inflammatory Response,CD69,CD69,target,ALL,7244,True,-0.049376888524386355,-0.051831939161243394,-0.001738461025698094,0.0015491344232887105,0.02728261591546378,-1.143967292795558
P01,CD14 monocytes,Inflammatory Response,CD69,CD69,target_by_site,site1,734,True,-0.0230542263195843,0.0015436862784883544,-0.013219789433887633,0.031168545645542608,0.17811730236058518,-1.479567443138749
P01,CD14 monocytes,Inflammatory Response,CD69,CD69,target_by_site,site2,2958,True,0.019882787889907674,0.018387821547683224,0.022755511911171464,0.016381802623286076,0.01398198536395776,-0.8730737564595885
P01,CD14 monocytes,Inflammatory Response,CD69,CD69,target_by_site,site3,2915,True,-0.010519480568666363,-0.009337159386173107,-0.01253577972319549,-0.01799477770432623,0.007636947330591552,-1.25305016416094
P01,CD14 monocytes,Inflammatory Response,CD69,CD69,target_by_site,site4,637,True,0.004045860208151948,-0.007128886412306482,0.003457399804964545,0.007095794808407504,0.005144043302494016,-1.5160175284310473
P01,CD14 monocytes,Inflammatory Response,CD62L,SELL,target,ALL,7244,True,0.2601171044102426,0.2600912392921523,0.1940886494705534,0.19795666326615322,0.9833261182237277,-0.10045317587552459
P01,CD14 monocytes,Inflammatory Response,CD62L,SELL,target_by_site,site1,734,True,0.2630595053937583,0.2402561779162498,0.22630650499245752,0.2063144978746412,1.3040132802217976,0.5015910648022669
P01,CD14 monocytes,Inflammatory Response,CD62L,SELL,target_by_site,site2,2958,True,0.23311000886639918,0.2286994589189527,0.2158044240048828,0.21548742805368443,1.141543644405215,0.06740657667074512
P01,CD14 monocytes,Inflammatory Response,CD62L,SELL,target_by_site,site3,2915,True,0.16290966302637663,0.1663192384968704,0.14918024015622916,0.1337573659148533,0.7214932315303199,-0.37196895383481626
P01,CD14 monocytes,Inflammatory Response,CD62L,SELL,target_by_site,site4,637,True,0.34184961900205585,0.3531854246294005,0.3093408921165532,0.30894530694697997,1.0772838032470584,-0.3311613829995897
P01,CD14 monocytes,Inflammatory Response,CD42b,GP1BA,target,ALL,7244,True,0.019605173619507022,0.009871489560471486,0.018469680713050617,0.019757988796018006,0.0007864232537748703,-0.9354408267671777
P01,CD14 monocytes,Inflammatory Response,CD42b,GP1BA,target_by_site,site1,734,True,0.0009072332249966793,-0.0016560238383354516,-0.019443806993367115,-0.044121388253678125,0.0010717313525505847,-1.24663939211081
P01,CD14 monocytes,Inflammatory Response,CD42b,GP1BA,target_by_site,site2,2958,True,0.031044591423862122,0.02683085790194376,0.028869423912968265,-0.0019571476499770668,0.001248154766144401,-0.6978294640467401
P01,CD14 monocytes,Inflammatory Response,CD42b,GP1BA,target_by_site,site3,2915,False,,,,,0.0,-1.008912376726774
P01,CD14 monocytes,Inflammatory Response,CD42b,GP1BA,target_by_site,site4,637,True,0.02605982276822913,0.03946156071768702,0.024013111206396088,0.02594928075920733,0.0019123350695728295,-1.3440202550758193
P01,CD14 monocytes,Inflammatory Response,CD54,ICAM1,target,ALL,7244,True,0.10794454168388032,0.152289844059983,0.038127396514866796,0.004149859558371348,0.09137367234594873,0.5101044515914297
P01,CD14 monocytes,Inflammatory Response,CD54,ICAM1,target_by_site,site1,734,True,0.1676077178875216,0.17796242227673187,0.14329448789384266,0.10735109155311835,0.19907369903152275,1.3657800962505933
P01,CD14 monocytes,Inflammatory Response,CD54,ICAM1,target_by_site,site2,2958,True,0.022070667920947844,0.031047265132205678,0.0044125430146555854,-0.027133253266055025,0.09088004347246902,0.5569745461011645
P01,CD14 monocytes,Inflammatory Response,CD54,ICAM1,target_by_site,site3,2915,True,0.03054476066880499,0.03278686759306528,0.026747288391372387,-0.003600823167256879,0.05286653686707965,0.19105208393137108
P01,CD14 monocytes,Inflammatory Response,CD54,ICAM1,target_by_site,site4,637,True,0.1213141275064293,0.1254581131372261,0.08553435389470995,0.01807217784539097,0.14577969203424557,0.7665094578543015
P01,CD14 monocytes,Inflammatory Response,CD122,IL2RB,target,ALL,7244,True,0.019505372693448195,0.015215434674532161,0.02465516168193569,-0.003607384220089038,0.0037374942213159196,-0.6405950027705934
P01,CD14 monocytes,Inflammatory Response,CD122,IL2RB,target_by_site,site1,734,True,-0.05703905558189132,-0.05471860720702041,-0.05207419799253584,-0.024868856360399195,0.0032590420434539494,-1.1824574699294534
P01,CD14 monocytes,Inflammatory Response,CD122,IL2RB,target_by_site,site2,2958,True,0.030996098056994346,0.027797766334841982,0.0346856974471609,0.014293855487306635,0.005557891422918514,-0.7079443870027918
P01,CD14 monocytes,Inflammatory Response,CD122,IL2RB,target_by_site,site3,2915,True,0.03454492710178053,0.03739153087835511,0.03605147803961096,-0.009386936838853763,0.002827454013833398,-0.4116800144877627
P01,CD14 monocytes,Inflammatory Response,CD122,IL2RB,target_by_site,site4,637,False,,,,,0.0,-0.7510199029134594
P01,CD14 monocytes,Inflammatory Response,CD137,TNFRSF9,target,ALL,7244,True,0.00990244318578589,-0.011547390421842994,0.018179449731881417,-0.013846042190406268,0.006864418535033153,0.05262455560614706
P01,CD14 monocytes,Inflammatory Response,CD137,TNFRSF9,target_by_site,site1,734,True,0.035070982511756374,0.006170772592237303,0.03693664002760425,0.0021574870733986375,0.009506729018081491,-0.48096377931376827
P01,CD14 monocytes,Inflammatory Response,CD137,TNFRSF9,target_by_site,site2,2958,True,0.004457536993384094,0.0029068782566617113,0.004089513340584362,-0.0036216011942057686,0.0063936711676267155,-0.2975182074012365
P01,CD14 monocytes,Inflammatory Response,CD137,TNFRSF9,target_by_site,site3,2915,True,0.036872521532326834,0.03816895278035391,0.03392094485429119,-0.017542294705103392,0.006336078026811093,0.5389717711619069
P01,CD14 monocytes,Inflammatory Response,CD137,TNFRSF9,target_by_site,site4,637,True,0.03475446742230105,0.036720615915674375,0.054141636068684766,0.04774350103841693,0.008423488236286013,0.06781136480868785
P01,CD14 monocytes,Inflammatory Response,CD124,IL4R,target,ALL,7244,True,-0.08073249484934636,-0.1353145719878549,-0.005199526499401573,0.0009731113384799784,0.15861428312313672,0.3450408482906881
P01,CD14 monocytes,Inflammatory Response,CD124,IL4R,target_by_site,site1,734,True,0.08293093319968044,0.0757410670482229,0.0724708313022548,0.057703474533588234,0.2752211388514316,-0.0443699445763332
P01,CD14 monocytes,Inflammatory Response,CD124,IL4R,target_by_site,site2,2958,True,-0.010863385430509805,-0.009674339621683795,-0.011103425271532963,0.0007178911339595441,0.18188918497233877,-0.04350929001518574
P01,CD14 monocytes,Inflammatory Response,CD124,IL4R,target_by_site,site3,2915,True,-0.013489371016144511,-0.021132591455815013,-0.013834891857753415,0.0018105182038781,0.0962799066494295,0.8274729346788307
P01,CD14 monocytes,Inflammatory Response,CD124,IL4R,target_by_site,site4,637,True,-0.04590473227733985,-0.038230143236496934,-0.04743417987853208,-0.02794779344644574,0.2014213720499002,0.3903615692510221
P01,CD14 monocytes,Inflammatory Response,CD127,IL7R,target,ALL,7244,True,0.008081563970918594,-0.014841113748973088,0.015452617941193547,0.000354731164158559,0.010730970980637853,-0.8883579834974085
P01,CD14 monocytes,Inflammatory Response,CD127,IL7R,target_by_site,site1,734,True,-0.02153469507950497,-0.026711218899950696,-0.023254320034695283,-0.019829232383259652,0.024471074865727957,-1.208817526439407
P01,CD14 monocytes,Inflammatory Response,CD127,IL7R,target_by_site,site2,2958,True,0.0082128916013059,0.0011533655019386217,0.009091774804624957,-0.0006074733069344898,0.010176586338585659,-0.9239264303475184
P01,CD14 monocytes,Inflammatory Response,CD127,IL7R,target_by_site,site3,2915,True,0.03243908581190197,0.02566904594651511,0.03198478416314331,-0.01273841589536444,0.00909559192417483,-0.7286837802823422
P01,CD14 monocytes,Inflammatory Response,CD127,IL7R,target_by_site,site4,637,True,0.018179374492110583,0.010066728338713636,0.016897097845501006,0.004578096872919812,0.004956659315212378,-1.0846241248943733
P01,CD14 monocytes,Inflammatory Response,CD82,CD82,target,ALL,7244,True,0.10439750516992596,0.12775360198984756,0.06465539327298668,0.040012187985194105,0.1034329219555725,0.5730442465476832
P01,CD14 monocytes,Inflammatory Response,CD82,CD82,target_by_site,site1,734,True,0.13102591737070682,0.1091685307692482,0.13735554968293434,0.09361609444845553,0.2086306032474038,1.368485506527645
P01,CD14 monocytes,Inflammatory Response,CD82,CD82,target_by_site,site2,2958,True,0.06141809910909152,0.05433412776040023,0.06554429810712314,0.015586497164164628,0.09982418642690319,0.6817806012414718
P01,CD14 monocytes,Inflammatory Response,CD82,CD82,target_by_site,site3,2915,True,0.03205473587468857,0.022936451654714547,0.03139094152485195,-0.01539321314050331,0.0636540205236455,0.28898179889516323
P01,CD14 monocytes,Inflammatory Response,CD82,CD82,target_by_site,site4,637,True,0.0948996945354273,0.09842586334297482,0.09204292403557357,0.08583344344102778,0.1810075519393507,0.4514524300603637
P01,CD14 monocytes,Inflammatory Response,CD88,C5AR1,target,ALL,7244,True,0.2586946648868801,0.26045991912553357,0.2486548033989286,0.24808047945032036,0.8099257157749832,0.7809679556895168
P01,CD14 monocytes,Inflammatory Response,CD88,C5AR1,target_by_site,site1,734,True,0.5089391440116178,0.5138597768922081,0.5096756037504915,0.5054335916314476,1.1728774245972482,1.1062563695865162
P01,CD14 monocytes,Inflammatory Response,CD88,C5AR1,target_by_site,site2,2958,True,0.23180549589117655,0.24022000672022936,0.2239384854282523,0.2103410493094274,0.9311016075550489,0.6216351122593855
P01,CD14 monocytes,Inflammatory Response,CD88,C5AR1,target_by_site,site3,2915,True,0.18673404709954416,0.18495546687299885,0.15980973542471344,0.11061270316821241,0.5793123557615162,0.7920134270985041
P01,CD14 monocytes,Inflammatory Response,CD88,C5AR1,target_by_site,site4,637,True,0.48268302731706236,0.46598042666804684,0.451599853987488,0.4180718900023669,0.8843261903091731,1.0954849194394904
P02,CD14 monocytes,TNF-alpha Signaling via NF-kB,CD44,CD44,target,ALL,7244,True,0.18256591263927943,0.1480274000618126,0.08414851947620194,0.08184290149620702,1.3873695380689963,1.7324176629663037
P02,CD14 monocytes,TNF-alpha Signaling via NF-kB,CD44,CD44,target_by_site,site1,734,True,0.0377643951104023,0.061249963647691606,0.11569189864245609,0.10514230546220742,1.6494087739344587,2.880484066136001
P02,CD14 monocytes,TNF-alpha Signaling via NF-kB,CD44,CD44,target_by_site,site2,2958,True,0.0785685346773843,0.08860584578769952,0.046625243460253624,0.055825526678727956,1.5377733755638612,1.6378870462726474
P02,CD14 monocytes,TNF-alpha Signaling via NF-kB,CD44,CD44,target_by_site,site3,2915,True,0.14284960644326541,0.13282642557127708,0.10627693204303663,0.09403142988969529,1.1208181083732123,1.3450631825980717
P02,CD14 monocytes,TNF-alpha Signaling via NF-kB,CD44,CD44,target_by_site,site4,637,True,0.14663890819073105,0.17832388213483738,0.11140911211442858,0.15597326736837844,1.6067825162921512,2.621081924389653
P02,CD14 monocytes,TNF-alpha Signaling via NF-kB,CD69,CD69,target,ALL,7244,True,-0.049376888524386355,-0.051831939161243394,-0.001738461025698094,0.0015491344232887105,0.02728261591546378,-1.143967292795558
P02,CD14 monocytes,TNF-alpha Signaling via NF-kB,CD69,CD69,target_by_site,site1,734,True,-0.0230542263195843,0.0015436862784883544,-0.013219789433887633,0.031168545645542608,0.17811730236058518,-1.479567443138749
P02,CD14 monocytes,TNF-alpha Signaling via NF-kB,CD69,CD69,target_by_site,site2,2958,True,0.019882787889907674,0.018387821547683224,0.022755511911171464,0.016381802623286076,0.01398198536395776,-0.8730737564595885
P02,CD14 monocytes,TNF-alpha Signaling via NF-kB,CD69,CD69,target_by_site,site3,2915,True,-0.010519480568666363,-0.009337159386173107,-0.01253577972319549,-0.01799477770432623,0.007636947330591552,-1.25305016416094
P02,CD14 monocytes,TNF-alpha Signaling via NF-kB,CD69,CD69,target_by_site,site4,637,True,0.004045860208151948,-0.007128886412306482,0.003457399804964545,0.007095794808407504,0.005144043302494016,-1.5160175284310473
P02,CD14 monocytes,TNF-alpha Signaling via NF-kB,CD54,ICAM1,target,ALL,7244,True,0.10794454168388032,0.152289844059983,0.038127396514866796,0.004149859558371348,0.09137367234594873,0.5101044515914297
P02,CD14 monocytes,TNF-alpha Signaling via NF-kB,CD54,ICAM1,target_by_site,site1,734,True,0.1676077178875216,0.17796242227673187,0.14329448789384266,0.10735109155311835,0.19907369903152275,1.3657800962505933
P02,CD14 monocytes,TNF-alpha Signaling via NF-kB,CD54,ICAM1,target_by_site,site2,2958,True,0.022070667920947844,0.031047265132205678,0.0044125430146555854,-0.027133253266055025,0.09088004347246902,0.5569745461011645
P02,CD14 monocytes,TNF-alpha Signaling via NF-kB,CD54,ICAM1,target_by_site,site3,2915,True,0.03054476066880499,0.03278686759306528,0.026747288391372387,-0.003600823167256879,0.05286653686707965,0.19105208393137108
P02,CD14 monocytes,TNF-alpha Signaling via NF-kB,CD54,ICAM1,target_by_site,site4,637,True,0.1213141275064293,0.1254581131372261,0.08553435389470995,0.01807217784539097,0.14577969203424557,0.7665094578543015
P02,CD14 monocytes,TNF-alpha Signaling via NF-kB,CD137,TNFRSF9,target,ALL,7244,True,0.00990244318578589,-0.011547390421842994,0.018179449731881417,-0.013846042190406268,0.006864418535033153,0.05262455560614706
P02,CD14 monocytes,TNF-alpha Signaling via NF-kB,CD137,TNFRSF9,target_by_site,site1,734,True,0.035070982511756374,0.006170772592237303,0.03693664002760425,0.0021574870733986375,0.009506729018081491,-0.48096377931376827
P02,CD14 monocytes,TNF-alpha Signaling via NF-kB,CD137,TNFRSF9,target_by_site,site2,2958,True,0.004457536993384094,0.0029068782566617113,0.004089513340584362,-0.0036216011942057686,0.0063936711676267155,-0.2975182074012365
P02,CD14 monocytes,TNF-alpha Signaling via NF-kB,CD137,TNFRSF9,target_by_site,site3,2915,True,0.036872521532326834,0.03816895278035391,0.03392094485429119,-0.017542294705103392,0.006336078026811093,0.5389717711619069
P02,CD14 monocytes,TNF-alpha Signaling via NF-kB,CD137,TNFRSF9,target_by_site,site4,637,True,0.03475446742230105,0.036720615915674375,0.054141636068684766,0.04774350103841693,0.008423488236286013,0.06781136480868785
P02,CD14 monocytes,TNF-alpha Signaling via NF-kB,CD83,CD83,target,ALL,7244,True,-0.05988217680159601,-0.11873872086123657,0.011063135011944978,0.05465417617519212,0.15893890928463267,0.952622468044679
P02,CD14 monocytes,TNF-alpha Signaling via NF-kB,CD83,CD83,target_by_site,site1,734,True,0.13581097187603738,0.12597757914954408,0.10084472132841035,0.08410218260553644,0.5050287648438521,0.49911276932469906
P02,CD14 monocytes,TNF-alpha Signaling via NF-kB,CD83,CD83,target_by_site,site2,2958,True,-0.012432406501106366,-0.006950828213450578,-0.018686647846265055,0.0016956738624699544,0.08532745159718366,0.7289395024785453
P02,CD14 monocytes,TNF-alpha Signaling via NF-kB,CD83,CD83,target_by_site,site3,2915,True,0.010360817869449387,0.00790995902370311,0.02720991197734307,0.011181777639351001,0.1219480977541491,1.2864628275776753
P02,CD14 monocytes,TNF-alpha Signaling via NF-kB,CD83,CD83,target_by_site,site4,637,True,-0.042987720060195536,-0.05595430250256647,0.02682700083588526,0.02087056915572577,0.2712480984060873,0.9861949687768681
P02,CD14 monocytes,TNF-alpha Signaling via NF-kB,CD127,IL7R,target,ALL,7244,True,0.008081563970918594,-0.014841113748973088,0.015452617941193547,0.000354731164158559,0.010730970980637853,-0.8883579834974085
P02,CD14 monocytes,TNF-alpha Signaling via NF-kB,CD127,IL7R,target_by_site,site1,734,True,-0.02153469507950497,-0.026711218899950696,-0.023254320034695283,-0.019829232383259652,0.024471074865727957,-1.208817526439407
P02,CD14 monocytes,TNF-alpha Signaling via NF-kB,CD127,IL7R,target_by_site,site2,2958,True,0.0082128916013059,0.0011533655019386217,0.009091774804624957,-0.0006074733069344898,0.010176586338585659,-0.9239264303475184
P02,CD14 monocytes,TNF-alpha Signaling via NF-kB,CD127,IL7R,target_by_site,site3,2915,True,0.03243908581190197,0.02566904594651511,0.03198478416314331,-0.01273841589536444,0.00909559192417483,-0.7286837802823422
P02,CD14 monocytes,TNF-alpha Signaling via NF-kB,CD127,IL7R,target_by_site,site4,637,True,0.018179374492110583,0.010066728338713636,0.016897097845501006,0.004578096872919812,0.004956659315212378,-1.0846241248943733
P03,CD16 monocytes,Interferon Alpha Response,CD47,CD47,target,ALL,865,True,0.20840687388547674,0.29094161217971803,0.06457260447732277,0.06417790622992935,0.4065427645533166,1.4150985926564155
P03,CD16 monocytes,Interferon Alpha Response,CD47,CD47,target_by_site,site1,45,False,,,,,0.6313619053609948,2.511989218190464
P03,CD16 monocytes,Interferon Alpha Response,CD47,CD47,target_by_site,site2,271,True,0.0839722504143131,0.0963265273657504,0.038939027012266925,0.03526819091720329,0.46463657171204886,1.6626777083247526
P03,CD16 monocytes,Interferon Alpha Response,CD47,CD47,target_by_site,site3,468,True,0.08037763589171178,0.09415955797240362,0.07440735358224557,0.05041877700000363,0.2888281597349628,1.0625789690564535
P03,CD16 monocytes,Interferon Alpha Response,CD47,CD47,target_by_site,site4,81,True,0.06240525513103211,0.031541433129132226,0.09288208523089797,0.07863595302619693,0.7674088383635357,2.0141747080839547
P03,CD16 monocytes,Interferon Alpha Response,CD62L,SELL,target,ALL,865,True,0.03895884907938831,0.006101738640783167,0.05644998469881964,0.06278304713422656,0.09378102355142993,-1.5592314851050253
P03,CD16 monocytes,Interferon Alpha Response,CD62L,SELL,target_by_site,site1,45,False,,,,,0.17296776065193611,-2.3063341373270485
P03,CD16 monocytes,Interferon Alpha Response,CD62L,SELL,target_by_site,site2,271,True,-0.09774023593268497,-0.09864243442318701,-0.05888362269248885,0.138425222487519,0.11816522287050922,-1.180016252402596
P03,CD16 monocytes,Interferon Alpha Response,CD62L,SELL,target_by_site,site3,468,True,0.06922101790880009,0.06122918476665475,0.06604392055732344,-0.015650504800046174,0.06258293543179683,-1.6473368240949149
P03,CD16 monocytes,Interferon Alpha Response,CD62L,SELL,target_by_site,site4,81,True,0.24261078860739407,0.21724467613338808,0.19188238249834247,0.27588075880758806,0.14846230818099815,-1.9038538315877276
P03,CD16 monocytes,Interferon Alpha Response,CD124,IL4R,target,ALL,865,True,-0.10540398640311074,-0.15319891035632577,-0.04527909707769331,-0.02472294161360228,0.06243731207903701,0.45831436134980763
P03,CD16 monocytes,Interferon Alpha Response,CD124,IL4R,target_by_site,site1,45,False,,,,,0.15065095109541962,-0.06189202408072799
P03,CD16 monocytes,Interferon Alpha Response,CD124,IL4R,target_by_site,site2,271,True,-0.09366261695118165,-0.11054619550046337,-0.08711883633594208,-0.09474832983623954,0.08815915813100017,-0.08439863043879887
P03,CD16 monocytes,Interferon Alpha Response,CD124,IL4R,target_by_site,site3,468,True,-0.012855439726875266,-0.01722264942489419,0.0066631090134053605,0.02255646491639972,0.03468191562206798,0.8263311438670504
P03,CD16 monocytes,Interferon Alpha Response,CD124,IL4R,target_by_site,site4,81,True,-0.04993307853208467,-0.027545686476092023,0.03114959708807337,0.06257904245709124,0.0877372072153613,0.4367421872882874
P04,Lymphoid progenitors,E2F Targets,CD71,TFRC,target,ALL,449,True,0.18328454113099202,0.27646822883266187,0.0947385260916469,0.07363797857673135,0.15798716878984015,1.4454118987782096
P04,Lymphoid progenitors,E2F Targets,CD71,TFRC,target_by_site,site1,67,True,0.09085245175436489,0.15888413561940717,-0.09602313918923286,-0.09984835182376887,0.20767488126822445,1.8593847462442574
P04,Lymphoid progenitors,E2F Targets,CD71,TFRC,target_by_site,site2,90,True,0.20272699527812463,0.308280611310314,0.07747997080116764,0.05124089393752315,0.16339210090763343,1.8992755447280798
P04,Lymphoid progenitors,E2F Targets,CD71,TFRC,target_by_site,site3,144,True,0.1684114962839467,0.15296967873686051,0.053442675005005616,0.07916968089381883,0.16969993943689957,1.3054173033453569
P04,Lymphoid progenitors,E2F Targets,CD71,TFRC,target_by_site,site4,148,True,0.22711770246601026,0.29812167304467346,0.20749211522757538,0.14862458678374307,0.12081041473693675,1.1182180665256247
